Battery voltage (V),Thermometer (degC)
3.782471,29
3.788818,29.57031
3.788818,29.96875
3.785645,30.14063
3.788818,30.53906
3.788818,30.37109
3.790527,30.48438
3.790527,30.71094
3.787354,30.65625
3.790527,30.59766
3.788818,30.88281
3.788818,30.71094
3.788818,30.88281
3.787354,30.94141
3.787354,30.94141
3.787354,31.22656
3.788818,31.16797
3.787354,31.22656
3.785645,31.45703
3.787354,31.28516
3.787354,31.39844
3.788818,31.57031
3.790527,31.39844
3.788818,31.39844
3.790527,31.68359
3.788818,31.625
